<?xml version="1.0" encoding="UTF-8"?><rss version="2.0"
	xmlns:content="http://purl.org/rss/1.0/modules/content/"
	xmlns:wfw="http://wellformedweb.org/CommentAPI/"
	xmlns:dc="http://purl.org/dc/elements/1.1/"
	xmlns:atom="http://www.w3.org/2005/Atom"
	xmlns:sy="http://purl.org/rss/1.0/modules/syndication/"
	xmlns:slash="http://purl.org/rss/1.0/modules/slash/"
	>

<channel>
	<title>Tipe &#8211; Partisi Geser</title>
	<atom:link href="/tipe/feed/" rel="self" type="application/rss+xml" />
	<link></link>
	<description></description>
	<lastBuildDate>Sat, 11 Nov 2023 22:25:31 +0000</lastBuildDate>
	<language>id</language>
	<sy:updatePeriod>
	hourly	</sy:updatePeriod>
	<sy:updateFrequency>
	1	</sy:updateFrequency>
	<generator>https://wordpress.org/?v=6.4.1</generator>

<image>
	<url>/wp-content/uploads/sites/15/2023/11/cropped-logo_pireki_blue-32x32.png</url>
	<title>Tipe &#8211; Partisi Geser</title>
	<link></link>
	<width>32</width>
	<height>32</height>
</image> 
	<item>
		<title>Samowa Persection</title>
		<link>/tipe/samowa-persection/</link>
		
		<dc:creator><![CDATA[abahbimbim]]></dc:creator>
		<pubDate>Tue, 17 Oct 2023 06:13:18 +0000</pubDate>
				<guid isPermaLink="false">/?post_type=tipe#038;p=22</guid>

					<description><![CDATA[Partisi Pireki Tipe Persection adalah jawaban atas kebutuhan ruangan modern yang membutuhkan penyekat ruangan tidak hanya sebagai elemen fungsional tetapi juga sebagai karya seni yang memperkaya estetika. Dengan panel persection sebagai ciri khasnya, partisi ini mewakili perpaduan harmonis antara praktisitas dan keindahan. Tulisan ini bertujuan untuk mengungkap secara mendalam mengenai berbagai aspek yang membuat Partisi [&#8230;]]]></description>
										<content:encoded><![CDATA[<p>Partisi <a href="/pireki-asia/">Pireki</a> Tipe Persection adalah jawaban atas kebutuhan ruangan modern yang membutuhkan penyekat ruangan tidak hanya sebagai elemen fungsional tetapi juga sebagai karya seni yang memperkaya estetika. Dengan panel persection sebagai ciri khasnya, partisi ini mewakili perpaduan harmonis antara praktisitas dan keindahan. Tulisan ini bertujuan untuk mengungkap secara mendalam mengenai berbagai aspek yang membuat Partisi <a href="/pireki-asia/">Pireki</a> Tipe Persection menjadi pilihan yang menonjol di dunia <a href="/">partisi geser</a>. Keunggulan yang membuat Partisi Pireki Tipe Persection unik adalah Estetika mewah, keterjangkauan ekonomis, dan spesifikasi berkualitas tinggi akan menjadi fokus utama.</p>
<h2>Keunggulan Partisi Pireki Tipe Persection</h2>
<p>Partisi Pireki Tipe Persection memenangkan hati tidak hanya melalui fungsionalitasnya tetapi juga melalui estetika mewah yang sulit diabaikan. Panel persection, dengan desainnya yang inovatif dan modern, memberikan tampilan yang memikat dan eksklusif pada ruangan. Kelebihan ini menjadi pembeda utama, menjadikan Partisi Pireki sebagai pilihan yang tak hanya memisahkan ruangan, tetapi juga mengubahnya menjadi karya seni ruang.</p>
<p>Desainnya yang elegan memungkinkan partisi ini menyatu dengan berbagai gaya interior. Apakah Anda memiliki ruang perkantoran yang kontemporer atau ruang tamu rumah yang klasik, Partisi Pireki mampu menghadirkan estetika yang menyatu dengan keindahan ruangan sekitarnya.</p>
<p>Salah satu keunggulan paling mencolok dari Partisi Pireki Tipe Persection adalah keseimbangan antara kemewahan dan ekonomi. Dengan harga yang kompetitif sebesar Rp. 1.689.000 per meter persegi, partisi ini membuktikan bahwa gaya tidak harus mahal. Keanggunan yang ditawarkan oleh Partisi Pireki dapat dinikmati oleh berbagai kalangan, memastikan bahwa ruang Anda tidak hanya diberkahi dengan keindahan tetapi juga tetap berada dalam batas anggaran yang rasional.</p>
<p>Keputusan untuk menjadikan partisi ini sebagai penyekat ruangan bukan hanya merupakan investasi dalam estetika, tetapi juga keputusan bijak untuk memberikan nilai tambah pada ruang tanpa memberatkan kantong.</p>
<h2>Spesifikasi Berkualitas Tinggi</h2>
<p>Partisi Pireki Tipe Persection bukanlah sekadar penampilan yang menawan, tetapi juga hadir dengan spesifikasi bahan yang mengesankan.</p>
<ol>
<li><strong>Rangka Kokoh</strong><br />
Rangka dalam partisi ini terbuat dari besi Hollow 5 x 5, memberikan fondasi yang kokoh dan tahan lama. Kelebihan besi Hollow ini bukan hanya pada kekuatan strukturalnya tetapi juga pada bobotnya yang ringan, memberikan keseimbangan optimal antara daya tahan dan kemudahan penggunaan.</li>
<li><strong>Rangka Luar yang Elegan</strong><br />
Rangka luar partisi menggunakan alumunium Anodhize Natural, memberikan tampilan yang elegan sambil menawarkan ketahanan terhadap korosi. Kelebihan dari penggunaan alumunium adalah kemampuannya untuk menyesuaikan diri dengan perubahan suhu, menjadikannya pilihan yang cerdas untuk <a href="/">partisi geser</a>.</li>
<li><strong>Peredam Suara yang Efektif</strong><br />
Glasswool sebagai peredam suara pada bagian terdalam partisi memastikan bahwa ruangan tidak hanya dipisahkan secara visual tetapi juga secara akustik. Kualitas akustik yang optimal menciptakan lingkungan yang tenang, ideal untuk berbagai keperluan, mulai dari pertemuan bisnis hingga ruang istirahat.</li>
<li><strong>Finishing Varian</strong><br />
Partisi Pireki tidak hanya memberikan kebebasan dalam desain tetapi juga dalam finishing. Dengan tiga varian finishing, yaitu Kain Fabrik, Wallpaper, dan HPL, pengguna memiliki kebebasan untuk menyesuaikan partisi dengan kepribadian ruangan. Apakah Anda menginginkan sentuhan klasik kain, kehangatan wallpaper, atau kekuatan HPL yang tahan lama, semua opsi ada di tangan Anda.</li>
<li><strong>Cotton Seat</strong><br />
Penggunaan Cotton Seat sebagai pencegah pantulan suara menegaskan komitmen terhadap kualitas. Perhatian terhadap detail ini memberikan lapisan ekstra pada tingkat kenyamanan dan kinerja partisi.</li>
</ol>
<p>Dengan keunggulan-keunggulan ini, Partisi Pireki Tipe Persection menjelma menjadi lebih dari sekadar penyekat ruangan. Ini adalah pernyataan gaya yang cerdas, menggabungkan kepraktisan dan estetika dalam harmoni sempurna. Partisi Pireki membuktikan bahwa Anda tidak perlu mengorbankan gaya untuk mendapatkan kepraktisan, dan sebaliknya.</p>
<p>Dengan fondasi estetika yang kuat, keterjangkauan yang menarik, dan spesifikasi bahan yang tak tertandingi, Partisi Pireki Tipe Persection tidak hanya menjadi solusi fungsional, tetapi juga karya seni ruang yang memenuhi selera Anda. Mari lanjutkan perjalanan kita untuk menjelajahi proses pemasangan dan mendalami bagaimana partisi ini dapat mengubah dinamika ruang secara efisien dan efektif.</p>
<h2>Proses Pemasangan yang Efisien</h2>
<p>Proses pemasangan Partisi Pireki Tipe Persection dirancang dengan cermat untuk memberikan pengalaman yang efisien, mulus, dan tanpa masalah. Setiap detail diatur sedemikian rupa untuk memastikan bahwa partisi ini tidak hanya memberikan nilai estetika dan fungsionalitas, tetapi juga dapat diimplementasikan dengan cepat dan mudah.</p>
<ul>
<li><strong>Rel Atas yang Lancar</strong><br />
Rel atas pada Partisi Pireki menjadi elemen kunci yang memberikan pengalaman pengguna yang lancar dan nyaman. Desainnya yang terkini memastikan bahwa saat membuka atau menutup pintu lipat, pergerakan rel berlangsung tanpa hambatan. Kelebihan ini sangat penting terutama dalam situasi di mana partisi ini akan sering digunakan, seperti dalam <a href="/ruangan/konferensi/">ruang konferensi</a> atau kantor terbuka. Rel atas yang lancar juga memberikan keleluasaan pengguna dalam mengelola ruangan. Tanpa usaha ekstra, partisi ini dapat dengan mudah diatur sesuai kebutuhan, menciptakan fleksibilitas dalam tata ruang yang dinamis.</li>
<li><strong>Grendel Tanam Persection</strong><br />
Grendel tanam pada Partisi Pireki merupakan sentuhan akhir yang tidak hanya menjamin keamanan tetapi juga mempertahankan keindahan desain yang minimalis. Grendel ini dirancang untuk menyatu secara halus dengan bagian partisi, memberikan tampilan yang bersih dan rapi. Penggunaan grendel tanam tidak hanya tentang penampilan. Ini juga memastikan bahwa partisi tetap terkunci dengan aman ketika diinginkan, memberikan privasi dan keamanan tambahan. Meskipun terlihat sederhana, grendel tanam Persection menjadi bukti komitmen terhadap detail kecil yang membuat perbedaan besar dalam pengalaman pengguna.</li>
</ul>
<p>Proses pemasangan yang efisien tidak hanya berkaitan dengan kemudahan penggunaan, tetapi juga dengan keselamatan pengguna dan integritas struktural. Partisi Pireki Tipe Persection dirancang untuk memastikan bahwa setiap tahap pemasangan memenuhi standar keamanan yang ketat.</p>
<p>Dengan rel atas yang dirancang untuk menahan beban dan grendel tanam yang memberikan keamanan tambahan, pengguna dapat merasa yakin bahwa Partisi Pireki bukan hanya memberikan keindahan visual tetapi juga dapat diandalkan dalam penggunaan sehari-hari. Proses pemasangan yang memperhitungkan aspek-aspek ini menjadikan Partisi Pireki pilihan yang cerdas untuk berbagai kebutuhan ruangan.</p>
<hr />
<p>Partisi ini tidak sekadar menyekat ruangan, melainkan menciptakan pengalaman estetika yang mengesankan. Keunggulan estetika mewah yang disertai dengan keterjangkauan ekonomis menjadikan Partisi Pireki pilihan yang unggul di pasar partisi geser. Desainnya yang elegan, rangka kokoh, dan spesifikasi berkualitas tinggi memberikan partisi ini keunggulan dalam memberikan solusi penyekat ruangan yang tidak hanya berfungsi, tetapi juga memberikan nilai tambah pada ruangan dengan sentuhan estetika yang mencolok.</p>
<p>Dengan proses pemasangan yang efisien, rel atas yang lancar, dan grendel tanam Persection yang mengutamakan keamanan, Partisi Pireki tidak hanya memenuhi harapan tetapi juga melebihi standar dalam dunia partisi geser. Untuk mencapai keseimbangan antara desain yang menawan dan kinerja yang optimal, Partisi Pireki Tipe Persection menjadi pilihan yang bijak untuk mereka yang menginginkan penyekat ruangan yang tidak hanya berguna dalam membagi ruang tetapi juga merubahnya menjadi karya seni ruang yang luar biasa. Dengan menghubungi Sales Penjualan Partisi Geser Pireki di 0823-7673-7701, Anda tidak hanya membuka pintu menuju solusi fungsional, tetapi juga mengundang kemewahan dan gaya ke dalam ruangan Anda. Segera temukan bagaimana Partisi Pireki dapat memberikan sentuhan eksklusif pada ruangan Anda dan mengubahnya menjadi lingkungan yang mempesona.</p>
<p>&nbsp;</p>
]]></content:encoded>
					
		
		
			</item>
		<item>
		<title>Samowa Lipat</title>
		<link>/tipe/samowa-lipat/</link>
		
		<dc:creator><![CDATA[abahbimbim]]></dc:creator>
		<pubDate>Tue, 17 Oct 2023 06:13:07 +0000</pubDate>
				<guid isPermaLink="false">/?post_type=tipe#038;p=21</guid>

					<description><![CDATA[Partisi Pireki Tipe Samowa dengan engsel tengah atau kupu-kupu, partisi ini tidak hanya membagi ruang, tetapi juga menciptakan kesan kekokohan dan keindahan. Pintu lipat yang terhubung sebagai satu kesatuan memberikan nuansa unik dalam mendefinisikan ruang, menjadikannya lebih dari sekadar elemen praktis. Desain Partisi Samowa Lipat Desain inovatif Partisi Pireki Tipe Samowa mengambil peran sentral pada [&#8230;]]]></description>
										<content:encoded><![CDATA[<p>Partisi <a href="/pireki-asia/">Pireki</a> Tipe <a href="/tipe/samowa-lipat/">Samowa</a> dengan engsel tengah atau kupu-kupu, partisi ini tidak hanya membagi ruang, tetapi juga menciptakan kesan kekokohan dan keindahan. Pintu lipat yang terhubung sebagai satu kesatuan memberikan nuansa unik dalam mendefinisikan ruang, menjadikannya lebih dari sekadar elemen praktis.</p>
<h2>Desain Partisi Samowa Lipat</h2>
<p>Desain inovatif Partisi <a href="/pireki-asia/">Pireki</a> Tipe Samowa mengambil peran sentral pada engsel tengah atau kupu-kupu yang menghubungkan pintu-pintu secara harmonis. Engsel ini bukan hanya elemen fungsional, tetapi juga pernyataan desain yang memberikan karakter khusus pada partisi. Mekanisme ini tidak hanya memberikan kekuatan struktural tetapi juga menghadirkan estetika yang tak terbantahkan, menciptakan nuansa artistik yang sulit ditemukan pada <a href="/">partisi geser</a> konvensional.</p>
<p>Penting untuk menciptakan partisi yang tidak hanya menarik secara visual tetapi juga kuat secara struktural. Pireki Tipe Samowa memastikan keseimbangan yang kokoh antara estetika dan kepraktisan. Dengan pintu-pintu yang terhubung secara kokoh, partisi ini memberikan kestabilan visual yang mencerminkan kualitas tinggi dan keandalan. Pengguna dapat yakin bahwa partisi ini tidak hanya menjadi elemen dekoratif tetapi juga penyekat ruangan yang andal.</p>
<p>Kombinasi desain inovatif, engsel yang elegan, dan keseimbangan struktural memberikan partisi ini keunggulan dalam estetika dan kepraktisan. Ruangan tidak hanya terbagi dengan rapi, tetapi juga diberikan sentuhan elegan yang meningkatkan atmosfer keseluruhan. Desain yang baik tidak hanya tentang fungsi tetapi juga tentang bagaimana elemen-elemen tersebut berinteraksi dengan ruang sekitarnya. Partisi Pireki Tipe Samowa menggabungkan estetika dan kepraktisan secara sempurna, menciptakan pengalaman visual yang memuaskan dan membangun ruang dengan karakter unik.</p>
<h2>Dibuat dengan Material Berkualitas Tinggi</h2>
<p>Bagian pertama dari fondasi kokoh Partisi Pireki Tipe Samowa adalah frame dari besi Hollow 5 x 5 untuk rangka dalamnya. Material ini dipilih dengan cermat untuk memberikan kekuatan struktural yang diperlukan agar partisi dapat bertahan lama dan tetap kokoh meskipun sering digunakan. Keandalan bahan ini menggaransi bahwa partisi tidak hanya menjadi elemen dekoratif tetapi juga penyekat yang handal.</p>
<p>Mengelilingi pinggir partisi, lis L aluminium tidak hanya menambahkan lapisan kekokohan, tetapi juga memberikan sentuhan keindahan. Desain modern dan tahan lama dari aluminium membuatnya menjadi pilihan yang tepat untuk memastikan tahan lama dan daya tahan partisi. Tidak hanya berfungsi sebagai elemen struktural, lis L aluminium juga menciptakan estetika yang bersih dan kontemporer.</p>
<p>Keberlanjutan fungsional Partisi Pireki Tipe Samowa tidak terlepas dari penggunaan Glasswool sebagai lapisan peredam suara. Material ini diketahui efektif dalam menyerap dan mengurangi kebisingan, menciptakan lingkungan yang lebih tenang dan nyaman. Dengan adanya Glasswool, partisi ini menjadi solusi ideal untuk ruang yang membutuhkan privasi tanpa mengorbankan kenyamanan akustik.</p>
<p>Bagian inti partisi didukung oleh Multiplek/MDF 8 mm, memberikan kestabilan tambahan yang diperlukan. Kombinasi material ini menciptakan partisi yang kuat dan tahan lama, menjadikannya pilihan yang tepat untuk berbagai kebutuhan ruangan. Kelebihan kestabilan ini memberikan jaminan bahwa partisi tidak hanya tampil elegan tetapi juga dapat diandalkan dalam penggunaan sehari-hari.</p>
<p>Cotton Seat diimplementasikan sebagai lapisan pencegah pantulan suara, menambah dimensi lain dalam pengendalian akustik. Penggunaan material ini tidak hanya praktis tetapi juga berkontribusi pada kenyamanan dan ketenangan ruangan. Partisi Pireki Tipe Samowa bukan hanya tentang fungsi visual tetapi juga tentang memberikan pengalaman ruang yang holistik, di mana aspek kenyamanan dan suara diperhitungkan secara cermat.</p>
<h2>Varian Finishing Partisi Samowa</h2>
<p>Partisi Pireki Tipe Samowa memberikan fleksibilitas dengan varian finishing pertama: Kain Fabrik. Kain fabrik tidak hanya memberikan tampilan yang hangat dan lembut, tetapi juga menyediakan berbagai pilihan warna dan pola untuk disesuaikan dengan gaya dan tema ruangan Anda. Kelembutan kain ini menciptakan nuansa yang ramah dan bersahaja, menjadikannya pilihan ideal untuk ruang keluarga, kamar tidur, atau ruang bersantai.</p>
<p>Varian finishing berikutnya adalah Wallpaper, menawarkan opsi yang lebih bervariasi dalam desain dan motif. Wallpaper menciptakan tampilan yang lebih dramatis dan dapat mengubah atmosfer ruangan secara instan. Dengan berbagai pilihan warna dan pola yang tersedia, partisi ini memungkinkan Anda untuk menghadirkan elemen dekoratif yang mencolok dan menarik perhatian. Cocok untuk ruang kerja atau ruang komersial yang menginginkan sentuhan modern.</p>
<p>Varian finishing terakhir adalah HPL, atau High-Pressure Laminate. HPL memberikan daya tahan tinggi terhadap goresan, panas, dan kelembaban, menjadikannya pilihan yang ideal untuk ruang dengan tingkat aktivitas tinggi. Dengan tampilan yang elegan dan bersih, HPL menciptakan kesan ruang yang profesional dan modern. Pilihan ini cocok untuk <a href="/ruangan/rapat/">ruang rapat</a>, ruang kantor, atau tempat-tempat umum yang membutuhkan partisi dengan daya tahan yang tinggi.</p>
<p>Pilihan varian finishing ini memberikan kebebasan kepada pengguna untuk mempersonalisasi ruangan sesuai dengan preferensi mereka. Tidak hanya berfungsi sebagai penyekat fisik, Partisi Pireki Tipe Samowa juga menjadi kanvas ekspresi desain interior. Dengan kemampuan untuk memilih antara Kain Fabrik, Wallpaper, atau HPL, Anda dapat menciptakan ruang yang unik dan menarik, mencerminkan kepribadian dan gaya Anda sendiri.</p>
<h2>Sistem Lipat yang Efisien</h2>
<p>Salah satu fitur utama yang membuat Partisi Pireki Tipe Samowa sangat efisien adalah sistem lipatnya yang menggunakan rel atas dan rel bawah yang dirancang dengan presisi. Rel atas memastikan bahwa partisi dapat digerakkan dengan mudah dan lancar di sepanjang jalurnya, sedangkan rel bawah memberikan kestabilan ekstra, mencegah partisi dari getaran atau goyangan yang tidak diinginkan. Desain presisi ini tidak hanya meningkatkan fungsionalitas tetapi juga memperpanjang umur pakai partisi.</p>
<p>Keamanan merupakan prioritas, dan Partisi Pireki Tipe Samowa memahaminya. Dilengkapi dengan grendel tanam dan engsel, partisi ini memastikan bahwa ketika ditutup, itu tetap aman dan tidak dapat dengan mudah dibuka tanpa izin. Keamanan ini memberikan ketenangan pikiran, terutama di lingkungan yang mengharuskan ruangan untuk dijaga dengan ketat. Grendel dan engsel ini diintegrasikan secara halus dalam desain, tidak hanya fungsional tetapi juga memberikan sentuhan estetika tambahan.</p>
<p>Sistem lipat Partisi Pireki Tipe Samowa tidak hanya efisien tetapi juga mudah digunakan. Dengan mekanisme lipat yang terukur, pengguna dapat dengan cepat membuka atau menutup partisi sesuai dengan kebutuhan. Hal ini memungkinkan ruangan untuk segera beradaptasi dengan perubahan kebutuhan, seperti saat ada pertemuan mendadak atau ketika ruangan perlu dibagi untuk fungsi yang berbeda. Kemudahan penggunaan ini menjadikan Partisi Pireki Tipe Samowa pilihan yang praktis dan efisien untuk berbagai pengaturan ruangan.</p>
<p>Sistem lipat yang efisien tidak hanya memastikan penggunaan ruang yang optimal tetapi juga memberikan fleksibilitas dalam merancang ulang tata letak ruangan. Partisi ini dapat dengan mudah dilipat saat tidak diperlukan, memberikan lebih banyak ruang untuk bergerak atau menggabungkan ruangan menjadi satu. Dengan demikian, partisi ini bukan hanya menjadi penyekat fisik tetapi juga menjadi alat yang efektif dalam mengelola dan mengoptimalkan penggunaan ruang yang ada.</p>
<h2>Pengaplikasian Partisi Tipe Samowa Lipat</h2>
<p>Partisi Pireki Tipe Samowa memberikan fleksibilitas yang luar biasa dalam hal penempatan. Dengan desainnya yang serbaguna, partisi ini dapat dengan mudah diintegrasikan dalam berbagai konteks, termasuk di kantor, atau ruang komersial. Ini membuatnya menjadi solusi yang serbaguna dan cocok untuk memenuhi kebutuhan beragam pengguna, mulai dari kebutuhan privasi di rumah hingga pemisahan ruang di lingkungan bisnis.</p>
<p>Kelebihan besar dari Partisi Pireki Tipe Samowa adalah kemampuannya untuk beradaptasi dengan perubahan kebutuhan ruang. Jika suatu saat Anda perlu membuka ruangan yang lebih besar atau memisahkan dua area tertentu, partisi ini memungkinkan Anda untuk dengan mudah menyesuaikan konfigurasi ruangan tanpa perlu mengubah struktur bangunan. Ini memberikan fleksibilitas yang sangat dihargai dalam desain interior, di mana perubahan kebutuhan ruang bisa menjadi hal yang sangat dinamis.</p>
<p>Partisi Pireki Tipe Samowa tidak hanya berfungsi sebagai elemen dekoratif atau pembatas ruangan semata, tetapi juga menciptakan ruang yang fungsional. Misalnya, di kantor, partisi ini dapat digunakan untuk membuat <a href="/ruangan/rapat/">ruang rapat</a> yang terpisah atau mengubah area terbuka menjadi ruang kerja yang lebih pribadi. Di rumah, partisi ini dapat membagi ruang tamu dan ruang makan tanpa mengorbankan tampilan keseluruhan. Kemampuannya untuk menciptakan ruang yang fungsional menjadikannya pilihan yang sangat berguna untuk meningkatkan daya guna ruang.</p>
<p>Partisi Pireki Tipe Samowa dirancang dengan keselarasan dalam pikiran, sehingga dapat dengan mudah berintegrasi dengan desain interior yang ada. Pilihan varian finishing yang mengesankan memberikan fleksibilitas tambahan untuk menyelaraskan partisi dengan gaya dan tema ruangan. Oleh karena itu, partisi ini bukan hanya solusi praktis, tetapi juga elemen desain yang menyatu secara harmonis dengan lingkungan sekitarnya.</p>
<h2>Harga Partisi Lipat Samowa</h2>
<p>Salah satu keunggulan utama dari Partisi Pireki Tipe Samowa adalah harganya yang sangat terjangkau. Dengan harga sebesar Rp. 1.689.000 per meter persegi, partisi ini menawarkan nilai yang luar biasa dibandingkan dengan opsi <a href="/">partisi geser</a> sejenis di pasaran. Harga yang terjangkau ini tidak hanya membuat partisi ini dapat diakses oleh berbagai kalangan, tetapi juga memberikan pelanggan nilai yang sangat baik untuk investasi mereka.</p>
<p>Meskipun harganya terjangkau, Partisi Pireki Tipe Samowa tidak mengorbankan kualitas atau desain. Harga yang terjangkau ini justru menambah nilai bagi konsumen dengan memberikan akses ke partisi geser berkualitas tinggi yang tidak hanya tahan lama tetapi juga estetis. Ini menjadikan partisi ini pilihan yang bijak bagi mereka yang mencari solusi terjangkau tanpa mengorbankan fitur dan desain yang berkualitas.</p>
<p>Dalam dunia desain interior, seringkali harga yang terjangkau dapat dikaitkan dengan kualitas yang kurang baik. Namun, Partisi Pireki Tipe Samowa melangkah keluar dari stereotip tersebut dengan memberikan penggunaan bahan berkualitas tinggi dan desain inovatif pada harga yang tetap terjangkau. Ini bukan hanya menjadi pembelian, tetapi juga investasi yang bijak untuk meningkatkan fungsionalitas dan estetika ruangan tanpa harus menguras anggaran.</p>
<p>Harga yang terjangkau juga memberikan keuntungan dalam perencanaan anggaran. Dengan Partisi Pireki Tipe Samowa, pengguna dapat dengan lebih mudah merencanakan dan mengelola anggaran untuk proyek desain interior mereka. Ini membuka peluang bagi lebih banyak orang untuk memiliki partisi geser berkualitas tanpa khawatir tentang beban finansial yang berlebihan.</p>
<p>Harga yang terjangkau membuka pintu bagi pengguna untuk menyesuaikan ruang mereka tanpa beban finansial yang berat. Dengan biaya yang masuk akal, pengguna dapat lebih leluasa untuk memaksimalkan potensi ruang mereka, menciptakan lingkungan yang sesuai dengan kebutuhan dan gaya hidup mereka tanpa mengalami kendala anggaran yang signifikan.</p>
<p>Dengan harga yang terjangkau, Partisi Pireki Tipe Samowa bukan hanya menjadi pilihan yang ekonomis tetapi juga pilihan yang menguntungkan. Konsumen dapat yakin bahwa mereka tidak hanya mendapatkan partisi geser yang berkualitas tinggi tetapi juga membayar dengan harga yang sepadan dengan nilai yang mereka terima. Harga yang terjangkau ini menandai komitmen untuk memberikan solusi desain yang terjangkau tanpa mengorbankan kualitas dan estetika.</p>
]]></content:encoded>
					
		
		
			</item>
		<item>
		<title>Sorepa 1 Roda</title>
		<link>/tipe/sorepa-1-roda/</link>
		
		<dc:creator><![CDATA[abahbimbim]]></dc:creator>
		<pubDate>Tue, 17 Oct 2023 06:12:57 +0000</pubDate>
				<guid isPermaLink="false">/?post_type=tipe#038;p=19</guid>

					<description><![CDATA[Mengenal Partisi Pireki Tipe Sorepa 1 Roda Partisi Pireki Tipe Sorepa 1 Roda adalah salah satu produk partisi geser yang berkualitas tinggi. Partisi ini memiliki desain yang elegan dan modern, serta dilengkapi dengan fitur-fitur yang canggih. Partisi Pireki Tipe Sorepa 1 Roda adalah partisi geser yang memiliki satu roda pada bagian atas. Partisi ini memiliki [&#8230;]]]></description>
										<content:encoded><![CDATA[<h2 data-sourcepos="8:1-8:45">Mengenal Partisi <a href="/pireki-asia/">Pireki</a> Tipe <a href="/tipe/sorepa-1-roda/">Sorepa 1 Roda</a></h2>
<p data-sourcepos="3:1-3:199">Partisi <a href="/pireki-asia/">Pireki</a> Tipe <a href="/tipe/sorepa-1-roda/">Sorepa 1 Roda</a> adalah salah satu produk <a href="/">partisi geser</a> yang berkualitas tinggi. Partisi ini memiliki desain yang elegan dan modern, serta dilengkapi dengan fitur-fitur yang canggih.</p>
<p data-sourcepos="7:1-7:311">Partisi Pireki Tipe Sorepa 1 Roda adalah <a href="/">partisi geser</a> yang memiliki satu roda pada bagian atas. Partisi ini memiliki desain yang elegan dan modern, dengan finishing yang halus dan rapi. Partisi ini tersedia dalam berbagai pilihan warna dan motif, sehingga dapat disesuaikan dengan desain interior ruangan Anda.</p>
<h3 data-sourcepos="9:1-9:56"><strong>Spesifikasi Teknis Partisi Pireki Tipe Sorepa 1 Roda</strong></h3>
<p data-sourcepos="11:1-11:71">Partisi Pireki Tipe Sorepa 1 Roda memiliki spesifikasi sebagai berikut:</p>
<ul data-sourcepos="13:1-27:0">
<li data-sourcepos="13:1-18:46"><strong>Material</strong>
<ul data-sourcepos="14:5-18:46">
<li data-sourcepos="14:5-14:30">Frame: Besi Hollow 5 x 5</li>
<li data-sourcepos="15:5-15:45">Rangka luar: Aluminium Anodized Natural</li>
<li data-sourcepos="16:5-16:23">Peredam: <a href="/blog/rockwool/">Rockwool</a></li>
<li data-sourcepos="17:5-17:34">Panel: Multiplek / MDF 12 mm</li>
<li data-sourcepos="18:5-18:46">Finishing: Kain Fabrik / Wallpaper / HPL</li>
</ul>
</li>
<li data-sourcepos="19:1-22:17"><strong>Dimensi</strong>
<ul data-sourcepos="20:5-22:17">
<li data-sourcepos="20:5-20:24">Lebar: 90 &#8211; 120 cm</li>
<li data-sourcepos="21:5-21:26">Tinggi: 210 &#8211; 280 cm</li>
<li data-sourcepos="22:5-22:17">Tebal: 8 cm</li>
</ul>
</li>
<li data-sourcepos="23:1-27:0"><strong>Fitur</strong>
<ul data-sourcepos="24:5-27:0">
<li data-sourcepos="24:5-24:25">Roda atas: 1 (satu)</li>
<li data-sourcepos="25:5-25:25">Rel atas: Aluminium</li>
<li data-sourcepos="26:5-27:0">Mekanisme: Sliding</li>
</ul>
</li>
</ul>
<h3 data-sourcepos="28:1-28:77"><strong>Material dan Dimensi</strong></h3>
<p data-sourcepos="30:1-30:96">Partisi Pireki Tipe Sorepa 1 Roda menggunakan material-material berkualitas tinggi, antara lain:</p>
<ul data-sourcepos="32:1-37:0">
<li data-sourcepos="32:1-32:64"><strong>Besi Hollow 5 x 5</strong> untuk rangka dalam, yang kuat dan kokoh.</li>
<li data-sourcepos="33:1-33:80"><strong>Aluminium Anodized Natural</strong> untuk rangka luar, yang tahan karat dan korosi.</li>
<li data-sourcepos="34:1-34:90"><strong><a href="/blog/rockwool/">Rockwool</a></strong> untuk peredam suara, yang dapat mengurangi kebisingan dari ruangan sebelah.</li>
<li data-sourcepos="35:1-35:66"><strong>Multiplek / MDF 12 mm</strong> untuk panel, yang kuat dan tahan lama.</li>
<li data-sourcepos="36:1-37:0"><strong>Kain Fabrik / Wallpaper / HPL</strong> untuk finishing, yang dapat disesuaikan dengan desain interior ruangan.</li>
</ul>
<p data-sourcepos="40:1-40:75">Partisi Pireki Tipe Sorepa 1 Roda memiliki dimensi standar sebagai berikut, namun tidak menutup kemungkinan dimensi partisi dapat disesuaikan dengan kebutuhan ruangan Anda</p>
<ul data-sourcepos="42:1-45:0">
<li data-sourcepos="42:1-42:24"><strong>Lebar:</strong> 90 &#8211; 120 cm</li>
<li data-sourcepos="43:1-43:26"><strong>Tinggi:</strong> 210 &#8211; 280 cm</li>
<li data-sourcepos="44:1-45:0"><strong>Tebal:</strong> 8 cm</li>
</ul>
<h3 data-sourcepos="48:1-48:55"><strong>Fitur-fitur Utama</strong></h3>
<p data-sourcepos="50:1-50:86">Partisi Pireki Tipe Sorepa 1 Roda dilengkapi dengan beberapa fitur utama, antara lain:</p>
<ul data-sourcepos="52:1-53:0">
<li data-sourcepos="52:1-53:0"><strong>Desain yang elegan dan modern<br />
</strong>Partisi Pireki Tipe Sorepa 1 Roda memiliki desain yang elegan dan modern, dengan finishing yang halus dan rapi. Partisi ini tersedia dalam berbagai pilihan warna dan motif, sehingga dapat disesuaikan dengan desain interior ruangan Anda.</li>
<li data-sourcepos="52:1-53:0"><strong>Fitur peredam suara yang efektif<br />
</strong>Partisi Pireki Tipe Sorepa 1 Roda dilengkapi dengan fitur peredam suara yang efektif. Fitur ini dapat mengurangi kebisingan dari ruangan sebelah, sehingga menciptakan suasana yang lebih tenang dan nyaman.</li>
<li data-sourcepos="52:1-53:0"><strong>Fitur keamanan yang terjamin<br />
</strong>Partisi Pireki Tipe Sorepa 1 Roda dilengkapi dengan fitur keamanan yang terjamin. Fitur ini dapat mencegah partisi dari kerusakan atau kecelakaan.</li>
<li data-sourcepos="52:1-53:0"><strong>Fitur kemudahan dalam pengoperasian<br />
</strong>Partisi Pireki Tipe Sorepa 1 Roda memiliki fitur kemudahan dalam pengoperasian. Partisi ini dapat dibuka dan ditutup dengan mudah, hanya dengan menggesernya ke samping.</li>
</ul>
<p data-sourcepos="72:1-72:318">Partisi Pireki Tipe Sorepa 1 Roda merupakan solusi pembatas ruangan yang efisien dan estetis. Partisi ini memiliki desain yang elegan dan modern, serta dilengkapi dengan fitur-fitur yang canggih. Partisi ini dapat diaplikasikan di berbagai jenis ruangan, sehingga dapat menjadi pilihan yang tepat untuk kebutuhan Anda.</p>
<h2 data-sourcepos="16:1-16:47">Keunggulan Partisi Pireki Tipe Sorepa 1 Roda</h2>
<p>Partisi Pireki Tipe Sorepa 1 Roda memiliki beberapa keunggulan yang dapat menjadi pertimbangan bagi Anda yang sedang mencari solusi pembatas ruangan. Berikut ini adalah beberapa keunggulan Partisi Pireki Tipe Sorepa 1 Roda:</p>
<h3 data-sourcepos="5:1-5:33"><strong>Desain yang elegan dan modern</strong></h3>
<p data-sourcepos="7:1-7:236">Partisi Pireki Tipe Sorepa 1 Roda memiliki desain yang elegan dan modern, dengan finishing yang halus dan rapi. Partisi ini tersedia dalam berbagai pilihan warna dan motif, sehingga dapat disesuaikan dengan desain interior ruangan Anda.</p>
<ul data-sourcepos="11:1-12:0">
<li data-sourcepos="11:1-12:0"><strong>Partisi dengan desain klasik<br />
</strong>Partisi dengan desain klasik dapat memberikan kesan mewah dan elegan pada ruangan Anda. Partisi ini biasanya menggunakan warna-warna netral seperti putih, krem, atau abu-abu.</li>
<li data-sourcepos="11:1-12:0"><strong>Partisi dengan desain modern<br />
</strong>Partisi dengan desain modern dapat memberikan kesan yang segar dan dinamis pada ruangan Anda. Partisi ini biasanya menggunakan warna-warna cerah atau bermotif.</li>
<li data-sourcepos="11:1-12:0"><strong>Partisi dengan desain industrial<br />
</strong>Partisi dengan desain industrial dapat memberikan kesan yang maskulin dan tangguh pada ruangan Anda. Partisi ini biasanya menggunakan material-material seperti besi atau beton.</li>
</ul>
<h3 data-sourcepos="23:1-23:36"><strong>Fitur peredam suara yang efektif</strong></h3>
<p data-sourcepos="25:1-25:204">Partisi Pireki Tipe Sorepa 1 Roda dilengkapi dengan fitur peredam suara yang efektif. Fitur ini dapat mengurangi kebisingan dari ruangan sebelah, sehingga menciptakan suasana yang lebih tenang dan nyaman. Berikut adalah beberapa contoh manfaat fitur peredam suara pada Partisi Pireki Tipe Sorepa 1 Roda:</p>
<ul data-sourcepos="29:1-30:0">
<li data-sourcepos="29:1-30:0"><strong>Meningkatkan produktivitas kerja </strong>Partisi dengan fitur peredam suara dapat membantu Anda untuk lebih fokus pada pekerjaan, karena Anda tidak akan terganggu oleh kebisingan dari luar.</li>
<li data-sourcepos="29:1-30:0"><strong>Meningkatkan kenyamanan belajar </strong>Partisi dengan fitur peredam suara dapat membantu anak-anak untuk lebih fokus belajar, karena mereka tidak akan terganggu oleh kebisingan dari luar.</li>
</ul>
<h3 data-sourcepos="41:1-41:32"><strong>Aman dan Mudah dioperasikan</strong></h3>
<p data-sourcepos="43:1-43:146">Partisi Pireki Tipe Sorepa 1 Roda dilengkapi dengan fitur keamanan yang terjamin. Fitur ini dapat mencegah partisi dari kerusakan atau kecelakaan. Berikut adalah beberapa fitur keamanan yang tersedia pada Partisi Pireki Tipe Sorepa 1 Roda:</p>
<ul data-sourcepos="47:1-48:0">
<li data-sourcepos="47:1-48:0"><strong>Rel yang kuat dan kokoh </strong>Rel yang kuat dan kokoh dapat mencegah partisi dari goyah atau terjatuh.</li>
<li data-sourcepos="47:1-48:0"><strong>Engsel yang berkualitas </strong>Engsel yang berkualitas dapat mencegah partisi dari patah atau rusak.</li>
<li data-sourcepos="47:1-48:0"><strong>Penyetelan ketinggian yang mudah </strong>Penyetelan ketinggian yang mudah dapat mencegah partisi dari benturan dengan benda-benda di sekitarnya.</li>
<li data-sourcepos="47:1-48:0"><strong>Fitur kemudahan dalam pengoperasian </strong>Partisi Pireki Tipe Sorepa 1 Roda memiliki fitur kemudahan dalam pengoperasian. Partisi ini dapat dibuka dan ditutup dengan mudah, hanya dengan menggesernya ke samping.</li>
<li data-sourcepos="47:1-48:0"><strong>Mekanisme geser yang halus </strong>Mekanisme geser yang halus dapat memudahkan Anda untuk menggeser partisi dengan lembut.</li>
<li data-sourcepos="47:1-48:0"><strong>Berat partisi yang ringan </strong>Berat partisi yang ringan dapat memudahkan Anda untuk menggeser partisi, bahkan jika Anda seorang wanita.</li>
<li data-sourcepos="47:1-48:0"><strong>Ukuran partisi yang sesuai </strong>Ukuran partisi yang sesuai dapat memudahkan Anda untuk menggeser partisi ke tempat yang diinginkan.</li>
<li data-sourcepos="47:1-48:0"><strong>Fleksibilitas dalam penggunaan </strong>Partisi Pireki Tipe Sorepa 1 Roda dapat diaplikasikan di berbagai jenis ruangan, sehingga dapat menjadi pilihan yang tepat untuk kebutuhan Anda.</li>
</ul>
<h2 data-sourcepos="25:1-25:45">Aplikasi Partisi Pireki Tipe Sorepa 1 Roda</h2>
<p data-sourcepos="3:1-3:407">Partisi Pireki Tipe Sorepa 1 Roda adalah solusi pembatas ruangan yang fleksibel dan dapat diaplikasikan di berbagai jenis ruangan, baik di kantor, maupun tempat umum. Berikut ini adalah beberapa contoh aplikasi Partisi Pireki Tipe Sorepa 1 Roda.</p>
<h3 data-sourcepos="5:1-5:19"><strong><a href="/ruangan/aula/">Ruang pertemuan</a></strong></h3>
<p data-sourcepos="7:1-7:299">Partisi Pireki Tipe Sorepa 1 Roda dapat digunakan untuk membagi <a href="/ruangan/aula/">ruang pertemuan</a> menjadi beberapa area yang berbeda, sehingga Anda dapat mengatur tata ruang sesuai dengan kebutuhan. Misalnya, Anda dapat membagi ruang pertemuan menjadi area untuk presentasi, area untuk diskusi, atau area untuk makan.</p>
<ul data-sourcepos="9:1-10:0">
<li data-sourcepos="9:1-10:0"><strong>Area presentasi<br />
</strong>Partisi Pireki Tipe Sorepa 1 Roda dapat digunakan untuk menciptakan area presentasi yang lebih fokus dan terpusat. Misalnya, Anda dapat menggunakan partisi untuk membuat podium presentasi yang terpisah dari area penonton. Partisi Pireki Tipe Sorepa 1 Roda dapat digunakan untuk menciptakan area presentasi yang lebih fokus dan terpusat. Partisi ini dapat dipasang di depan podium presentasi untuk memisahkan podium dari area penonton. Hal ini dapat membantu untuk mengurangi gangguan dari penonton dan meningkatkan fokus dari presenter.</li>
<li data-sourcepos="9:1-10:0"><strong>Area diskusi<br />
</strong>Partisi Pireki Tipe Sorepa 1 Roda dapat digunakan untuk menciptakan area diskusi yang lebih privat dan nyaman. Misalnya, Anda dapat menggunakan partisi untuk membagi ruang pertemuan menjadi beberapa kelompok kecil, sehingga peserta diskusi dapat berdiskusi dengan lebih leluasa. Partisi Pireki Tipe Sorepa 1 Roda dapat digunakan untuk menciptakan area diskusi yang lebih privat dan nyaman. Partisi ini dapat dipasang di antara kelompok-kelompok diskusi untuk memisahkan kelompok satu dengan kelompok lainnya. Hal ini dapat membantu untuk menjaga privasi dari setiap kelompok diskusi dan meningkatkan fokus dari peserta diskusi.</li>
<li data-sourcepos="9:1-10:0"><strong>Area makan<br />
</strong>Partisi Pireki Tipe Sorepa 1 Roda dapat digunakan untuk menciptakan area makan yang lebih privat dan nyaman. Misalnya, Anda dapat menggunakan partisi untuk memisahkan area makan dari area kerja atau area rapat. Partisi Pireki Tipe Sorepa 1 Roda dapat digunakan untuk menciptakan area makan yang lebih privat dan nyaman. Partisi ini dapat dipasang di antara area makan dan area kerja atau area rapat. Hal ini dapat membantu untuk mengurangi kebisingan dari area kerja atau area rapat dan meningkatkan fokus dari peserta diskusi.</li>
</ul>
<h3 data-sourcepos="21:1-21:15"><strong><a href="/ruangan/rapat/">Ruang rapat</a></strong></h3>
<p data-sourcepos="23:1-23:332">Partisi Pireki Tipe Sorepa 1 Roda dapat digunakan untuk menciptakan suasana yang lebih privat pada <a href="/ruangan/rapat/">ruang rapat</a>, sehingga Anda dapat lebih fokus pada diskusi. Misalnya, Anda dapat menggunakan partisi untuk membagi ruang rapat menjadi dua bagian, sehingga Anda dapat mengadakan rapat dengan dua kelompok yang berbeda secara bersamaan.</p>
<ul data-sourcepos="25:1-26:0">
<li data-sourcepos="25:1-26:0"><strong>Ruang rapat tertutup<br />
</strong>Partisi Pireki Tipe Sorepa 1 Roda dapat digunakan untuk menciptakan ruang rapat yang benar-benar tertutup, sehingga rapat Anda tidak terganggu oleh suara dari luar. Partisi ini dapat dipasang di sekeliling ruang rapat untuk membuat ruang rapat menjadi sepenuhnya tertutup. Hal ini dapat membantu untuk meningkatkan fokus dari peserta rapat dan menjaga kerahasiaan dari rapat tersebut.</li>
<li data-sourcepos="25:1-26:0"><strong>Ruang rapat terbuka<br />
</strong>Partisi Pireki Tipe Sorepa 1 Roda dapat digunakan untuk menciptakan ruang rapat yang lebih terbuka, sehingga Anda dapat tetap berkomunikasi dengan orang-orang di luar ruang rapat. Misalnya, Anda dapat menggunakan partisi untuk membagi ruang rapat menjadi dua bagian, sehingga Anda dapat melakukan presentasi atau diskusi dengan orang-orang di luar ruang rapat. Partisi ini dapat dipasang di salah satu sisi ruang rapat untuk membuat ruang rapat menjadi semi-terbuka. Hal ini dapat membantu untuk meningkatkan komunikasi antara peserta rapat dan orang-orang di luar ruang rapat.</li>
</ul>
<h3 data-sourcepos="33:1-33:15"><strong><a href="/ruangan/kelas/">Ruang kelas</a></strong></h3>
<p data-sourcepos="35:1-35:298">Partisi Pireki Tipe Sorepa 1 Roda dapat digunakan untuk membagi <a href="/ruangan/kelas/">ruang kelas</a> menjadi beberapa kelompok, sehingga siswa dapat lebih fokus belajar. Misalnya, Anda dapat menggunakan partisi untuk membagi ruang kelas menjadi beberapa kelompok kecil, sehingga siswa dapat berdiskusi dengan lebih leluasa.</p>
<ul data-sourcepos="37:1-38:0">
<li data-sourcepos="37:1-38:0"><strong>Ruang kelas kelompok<br />
</strong>Partisi Pireki Tipe Sorepa 1 Roda dapat digunakan untuk menciptakan ruang kelas kelompok yang lebih nyaman dan kondusif untuk belajar. Partisi ini dapat dipasang di antara kelompok-kelompok belajar untuk memisahkan kelompok satu dengan kelompok lainnya. Hal ini dapat membantu untuk menjaga privasi dari setiap kelompok belajar dan meningkatkan fokus dari siswa.</li>
<li data-sourcepos="37:1-38:0"><strong>Ruang kelas mandiri<br />
</strong>Partisi Pireki Tipe Sorepa 1 Roda dapat digunakan untuk menciptakan ruang kelas mandiri yang lebih privat dan nyaman untuk belajar. Misalnya, Anda dapat menggunakan partisi untuk membagi ruang kelas menjadi beberapa area belajar mandiri, sehingga siswa dapat belajar dengan lebih fokus. Partisi ini dapat dipasang di sekitar area belajar mandiri untuk membuat area belajar menjadi lebih tertutup.</li>
</ul>
<h3 data-sourcepos="1:1-1:16"><strong>Ruang kantor</strong></h3>
<p data-sourcepos="3:1-3:274">Partisi Pireki Tipe Sorepa 1 Roda dapat digunakan untuk membagi ruang kantor menjadi beberapa area yang berbeda, sehingga Anda dapat mengatur tata ruang sesuai dengan kebutuhan. Misalnya, Anda dapat membagi ruang kantor menjadi area kerja, area rapat, atau area penyimpanan.</p>
<ul data-sourcepos="5:1-6:0">
<li data-sourcepos="5:1-6:0"><strong>Area kerja<br />
</strong>Partisi Pireki Tipe Sorepa 1 Roda dapat digunakan untuk menciptakan area kerja yang lebih privat dan nyaman. Misalnya, Anda dapat menggunakan partisi untuk membagi ruang kantor menjadi beberapa area kerja individu, sehingga karyawan dapat bekerja dengan lebih fokus. Partisi ini dapat dipasang di sekitar area kerja individu untuk membuat area kerja menjadi lebih tertutup.</li>
<li data-sourcepos="5:1-6:0"><strong>Area rapat<br />
</strong>Partisi Pireki Tipe Sorepa 1 Roda dapat digunakan untuk menciptakan area rapat yang lebih privat dan fokus. Misalnya, Anda dapat menggunakan partisi untuk membagi ruang kantor menjadi beberapa area rapat kecil, sehingga rapat Anda tidak terganggu oleh suara dari luar. Partisi ini dapat dipasang di antara area rapat untuk memisahkan area satu dengan area lainnya.</li>
<li data-sourcepos="5:1-6:0"><strong>Area penyimpanan<br />
</strong>Partisi Pireki Tipe Sorepa 1 Roda dapat digunakan untuk menciptakan area penyimpanan yang lebih terorganisir dan rapi. Misalnya, Anda dapat menggunakan partisi untuk membagi ruang kantor menjadi beberapa area penyimpanan, sehingga Anda dapat menyimpan barang-barang dengan lebih rapi. Partisi ini dapat dipasang di sekitar area penyimpanan untuk membuat area penyimpanan menjadi lebih tertutup.</li>
</ul>
<h3 data-sourcepos="17:1-17:12"><strong><a href="/ruangan/ballroom/">Ballroom Hotel</a></strong></h3>
<p data-sourcepos="19:1-19:305">Partisi Pireki Tipe Sorepa 1 Roda dapat digunakan untuk membagi ballroom menjadi beberapa area yang berbeda, sehingga Anda dapat mengatur tata ruang sesuai dengan kebutuhan acara. Misalnya, Anda dapat membagi ballroom menjadi area untuk acara formal, area untuk acara informal, atau area untuk area makan.</p>
<ul data-sourcepos="21:1-22:0">
<li data-sourcepos="21:1-22:0"><strong>Area acara formal<br />
</strong>Partisi Pireki Tipe Sorepa 1 Roda dapat digunakan untuk menciptakan area acara formal yang lebih elegan dan mewah. Misalnya, Anda dapat menggunakan partisi untuk membagi ballroom menjadi beberapa area acara formal, sehingga Anda dapat mengadakan acara formal dengan lebih leluasa. Partisi ini dapat dipasang di sekitar area acara formal untuk membuat area acara menjadi lebih tertutup.</li>
<li data-sourcepos="21:1-22:0"><strong>Area acara informal<br />
</strong>Partisi Pireki Tipe Sorepa 1 Roda dapat digunakan untuk menciptakan area acara informal yang lebih santai dan nyaman. Misalnya, Anda dapat menggunakan partisi untuk membagi ballroom menjadi beberapa area acara informal, sehingga Anda dapat mengadakan acara informal dengan lebih leluasa. Partisi ini dapat dipasang di sekitar area acara informal untuk membuat area acara menjadi lebih terbuka.</li>
<li data-sourcepos="21:1-22:0"><strong>Area makan<br />
</strong>Partisi Pireki Tipe Sorepa 1 Roda dapat digunakan untuk menciptakan area makan yang lebih privat dan nyaman. Misalnya, Anda dapat menggunakan partisi untuk membagi ballroom menjadi beberapa area makan, sehingga Anda dapat mengadakan acara makan dengan lebih leluasa. Partisi ini dapat dipasang di sekitar area makan untuk membuat area makan menjadi lebih tertutup.</li>
</ul>
<h3 data-sourcepos="15:1-15:27"><strong>Ruang serbaguna lainnya</strong></h3>
<p data-sourcepos="17:1-17:110">Partisi Pireki Tipe Sorepa 1 Roda dapat digunakan untuk berbagai aplikasi lainnya di ruang serbaguna, seperti:</p>
<ul data-sourcepos="19:1-20:0">
<li data-sourcepos="19:1-20:0"><strong>Ruang ibadah<br />
</strong>Partisi Pireki Tipe Sorepa 1 Roda dapat digunakan untuk membagi ruang ibadah menjadi beberapa area yang berbeda, sehingga Anda dapat mengatur tata ruang sesuai dengan kebutuhan ibadah. Misalnya, Anda dapat membagi ruang ibadah menjadi area untuk pria, area untuk wanita, atau area untuk anak-anak.</li>
<li data-sourcepos="19:1-20:0"><strong>Ruang pameran<br />
</strong>Partisi Pireki Tipe Sorepa 1 Roda dapat digunakan untuk membagi ruang pameran menjadi beberapa area yang berbeda, sehingga Anda dapat menampilkan karya seni atau produk secara lebih efektif. Misalnya, Anda dapat membagi ruang pameran menjadi area untuk karya seni lukis, area untuk karya seni patung, atau area untuk produk-produk yang dipamerkan.</li>
<li data-sourcepos="19:1-20:0"><strong>Ruang rapat virtual<br />
</strong>Partisi Pireki Tipe Sorepa 1 Roda dapat digunakan untuk menciptakan ruang rapat virtual yang lebih privat dan fokus. Misalnya, Anda dapat menggunakan partisi untuk membagi ruang rapat virtual menjadi beberapa area, sehingga peserta rapat virtual dapat berdiskusi dengan lebih nyaman.</li>
</ul>
<p data-sourcepos="31:1-31:172">Dengan berbagai keunggulan dan aplikasinya yang fleksibel, Partisi Pireki Tipe Sorepa 1 Roda dapat menjadi solusi pembatas ruangan yang tepat untuk berbagai kebutuhan Anda.</p>
]]></content:encoded>
					
		
		
			</item>
		<item>
		<title>Sorepa Stucking</title>
		<link>/tipe/sorepa-stucking/</link>
		
		<dc:creator><![CDATA[abahbimbim]]></dc:creator>
		<pubDate>Tue, 17 Oct 2023 06:12:35 +0000</pubDate>
				<guid isPermaLink="false">/?post_type=tipe#038;p=18</guid>

					<description><![CDATA[Partisi geser tipe Sorepa Stucking adalah gebrakan terbaru dalam dunia pembagian ruangan, menghadirkan kepraktisan dan keunggulan yang tak tertandingi. Dengan harga sekitar Rp. 2.300.000,- per meter persegi, partisi ini bukan hanya sekadar pembatas ruang, tapi juga solusi multifungsi yang cocok untuk beragam kebutuhan, mulai dari ballroom hotel hingga ruang kelas di kampus. Keunikan Partisi Geser [&#8230;]]]></description>
										<content:encoded><![CDATA[<p><a href="/">Partisi geser</a> tipe <a href="/tipe/sorepa-stucking/">Sorepa Stucking</a> adalah gebrakan terbaru dalam dunia pembagian ruangan, menghadirkan kepraktisan dan keunggulan yang tak tertandingi. Dengan harga sekitar Rp. 2.300.000,- per meter persegi, partisi ini bukan hanya sekadar pembatas ruang, tapi juga solusi multifungsi yang cocok untuk beragam kebutuhan, mulai dari <a href="/ruangan/ballroom/">ballroom hotel</a> hingga <a href="/ruangan/kelas/">ruang kelas</a> di kampus.</p>
<h2>Keunikan Partisi Geser Jenis Sorepa</h2>
<p>Partisi geser jenis Sorepa (Sistem Partisi Geser Peredam Suara) memberikan solusi pintar untuk memisahkan ruangan atau berfungsi sebagai pintu geser. Keunggulan utamanya terletak pada sistem lipat dan geser yang membuat penggunaan menjadi sangat praktis. Tak hanya itu, partisi ini tidak hanya mempermudah pengaturan ruangan, tapi juga efektif meredam suara, menciptakan lingkungan yang tenang dan nyaman.</p>
<h2>Keunggulan Luar Biasa dari Partisi Tipe Sorepa Stucking</h2>
<p>Partisi ini memiliki serangkaian keunggulan yang membuatnya unggul di antara yang lain:</p>
<ul>
<li><strong>Frame Kokoh:</strong> Dirancang dengan besi Hollow 5 x 5 sebagai rangka dalam dan alumunium anodhize natural sebagai rangka luar, memberikan kekokohan ekstra pada struktur partisi.</li>
<li><strong>Peredam Suara:</strong> Dilengkapi dengan lapisan <a href="/blog/rockwool/">Rockwool</a>, partisi ini menjadi ahli dalam meredam suara, menciptakan ruang yang hening dan terbebas dari gangguan suara eksternal.</li>
<li><strong>Tampilan Menarik:</strong> Pelapis Cotton Seat tidak hanya mencegah pantulan suara, tetapi juga memberikan tampilan estetis yang menawan. Tersedia dalam 3 varian finishing: Kain Fabrik, Wallpaper, dan HPL.</li>
<li><strong>Desain Praktis:</strong> Mekanisme lipat, geser, rel atas, dan roda atas ganda menjadikan pengoperasian dan pemindahan partisi ini mudah dan lancar. Rel almini yang dapat menikung hingga 900 memberikan fleksibilitas ekstra.</li>
<li><strong>Penyimpanan Efisien:</strong> Dilengkapi dengan penyimpanan di samping pilar atau tempat khusus, memungkinkan penyimpanan yang rapi dan efisien saat tidak digunakan.</li>
</ul>
<h2>Ideal untuk Berbagai Ruangan</h2>
<p>Partisi geser tipe Sorepa Stucking adalah pilihan ideal untuk <a href="/ruangan/ballroom/">ballroom hotel</a>, <a href="/ruangan/rapat/">ruang rapat</a>, kelas di kampus, dan situasi di mana pembagian ruangan diperlukan. Dengan keunggulan dan fitur unggulannya, partisi ini menjadi aset berharga untuk mengoptimalkan penggunaan ruangan dengan efisien dan fungsional.</p>
<p>Secara keseluruhan, partisi geser tipe Sorepa Stucking bukan hanya sekadar produk, tapi solusi mutakhir yang menggabungkan fungsi, estetika, dan kepraktisan. Dengan fitur unggulan yang ditawarkan, partisi ini menjadi pilihan bijak untuk menciptakan ruang yang fleksibel, nyaman, dan produktif.</p>
]]></content:encoded>
					
		
		
			</item>
	</channel>
</rss>
