<?xml version="1.0" encoding="UTF-8"?><rss version="2.0"
	xmlns:content="http://purl.org/rss/1.0/modules/content/"
	xmlns:dc="http://purl.org/dc/elements/1.1/"
	xmlns:atom="http://www.w3.org/2005/Atom"
	xmlns:sy="http://purl.org/rss/1.0/modules/syndication/"
	
	>
<channel>
	<title>
	Komentar di: Pengiriman Ke Seluruh Indonesia	</title>
	<atom:link href="/blog/pengiriman-ke-seluruh-indonesia/feed/" rel="self" type="application/rss+xml" />
	<link>/blog/pengiriman-ke-seluruh-indonesia/</link>
	<description></description>
	<lastBuildDate>Sun, 12 Nov 2023 08:31:21 +0000</lastBuildDate>
	<sy:updatePeriod>
	hourly	</sy:updatePeriod>
	<sy:updateFrequency>
	1	</sy:updateFrequency>
	<generator>https://wordpress.org/?v=6.4.1</generator>
</channel>
</rss>
